mark;model;year
Acura;EL;1997
Acura;ILX;2012
Acura;Integra;1998
Acura;MDX;2001
Acura;NSX;2001
Acura;RDX;2006
Acura;RL;1995
Acura;RLX;2013
Acura;RSX;2002
Acura;TL;1999
Acura;TLX;2014
Acura;TSX;2003
Acura;ZDX;2010
Alfa Romeo;146;1994
Alfa Romeo;147;1998
Alfa Romeo;147 GTA;2002
Alfa Romeo;156;1997
Alfa Romeo;156 GTA;2002
Alfa Romeo;159;2005
Alfa Romeo;166;1998
Alfa Romeo;4C;2013
Alfa Romeo;8C Competizione;2008
Alfa Romeo;Brera;2005
Alfa Romeo;Giulia;2016
Alfa Romeo;Giulietta;2010
Alfa Romeo;GT;2003
Alfa Romeo;GTV;1995
Alfa Romeo;MiTo;2008
Alfa Romeo;Spider;1998
Alfa Romeo;Stelvio;2017
Aston Martin;Cygnet;2011
Aston Martin;DB11;2016
Aston Martin;DB9;2004
Aston Martin;DBS;2003
Aston Martin;DBS Violante;2007
Aston Martin;DBX;2020
Aston Martin;Rapide;2010
Aston Martin;V12 Vantage;2010
Aston Martin;V8 Vantage;2001
Aston Martin;Valkyrie;2019
Aston Martin;Vanquish;2001
Aston Martin;Virage;2011
Aston Martin;Zagato Coupe;2016
Audi;A1;2010
Audi;A2;2000
Audi;A3;1996
Audi;A4;1995
Audi;A4 Allroad Quattro;2009
Audi;A5;2007
Audi;A6;1998
Audi;A7;2010
Audi;A8;1994
Audi;Allroad;2000
Audi;E-Tron;2019
Audi;Q2;2016
Audi;Q3;2011
Audi;Q5;2008
Audi;Q7;2006
Audi;Q8;2018
Audi;R8;2006
Audi;RS Q3;2012
Audi;RS3;2011
Audi;RS4;2005
Audi;RS5;2010
Audi;RS6;2002
Audi;RS7;2013
Audi;S3;2006
Audi;S4;1998
Audi;S5;2007
Audi;S6;1999
Audi;S7;2012
Audi;S8;1996
Audi;SQ2;2019
Audi;SQ5;2012
Audi;SQ7;2016
Audi;SQ8;2019
Audi;TT;1998
Audi;TT RS;2008
Audi;TTS;2008
Bentley;Arnage;1999
Bentley;Azure;1999
Bentley;Bentayga;2015
Bentley;Brooklands;2008
Bentley;Continental;2003
Bentley;Continental Flying Spur;2005
Bentley;Continental GT;2018
Bentley;Flying Spur;2013
Bentley;Mulsanne;2010
BMW;1 series;2004
BMW;2 series;2013
BMW;3 series;1982
BMW;4 series;2013
BMW;5 series;1988
BMW;6 series;2004
BMW;7 series;1995
BMW;8 series;1990
BMW;i3;2013
BMW;i8;2014
BMW;M2;2015
BMW;M3;1992
BMW;M4;2012
BMW;M5;1998
BMW;M6;2005
BMW;X1;2009
BMW;X2;2017
BMW;X3;2004
BMW;X3 M;2019
BMW;X4;2014
BMW;X4 M;2019
BMW;X5;2000
BMW;X5 M;2009
BMW;X6;2008
BMW;X6 M;2009
BMW;X7;2018
BMW;Z3;1996
BMW;Z4;2002
BMW;Z8;2000
Brilliance;H230;2012
Brilliance;V3;2014
Brilliance;V5;2011
Buick;Century;1997
Buick;Enclave;2007
Buick;Envision;2014
Buick;La Crosse;2004
Buick;Le Sabre;1999
Buick;Lucerne;2005
Buick;Park Avenue;1996
Buick;Rainier;2003
Buick;Regal;2009
Buick;Rendezvouz;2001
Buick;Terraza;2005
Buick;Verano;2012
BYD;Qin;2014
Cadillac;ATS;2012
Cadillac;ATS-V;2016
Cadillac;BLS;2006
Cadillac;CT6;2016
Cadillac;CTS;2002
Cadillac;De Ville;2000
Cadillac;DTS;2006
Cadillac;Eldorado;1992
Cadillac;ELR;2013
Cadillac;Escalade;2002
Cadillac;Seville;1998
Cadillac;SRX;2004
Cadillac;STS;2004
Cadillac;XLR;2003
Cadillac;XT4;2018
Cadillac;XT5;2016
Cadillac;XT6;2019
Cadillac;XTS;2012
Changan;CS35;2012
Changan;CS35 Plus;2018
Changan;CS55;2017
Changan;CS75;2013
Changan;CS95;2017
Changan;Eado;2012
Changan;Raeton;2013
Chery;Amulet;2003
Chery;Arrizo 7;2013
Chery;Bonus;2011
Chery;Bonus 3;2013
Chery;CrossEastar;2006
Chery;Eastar;2003
Chery;Fora;2006
Chery;IndiS;2011
Chery;Kimo;2008
Chery;M11;2008
Chery;QQ;2003
Chery;QQ6;2006
Chery;Tiggo;2006
Chery;Tiggo 3;2014
Chery;Tiggo 4;2017
Chery;Tiggo 5;2014
Chery;Tiggo 7;2016
Chery;Tiggo 8;2018
Chery;Very;2011
Chevrolet;Astro;1995
Chevrolet;Avalanche;2002
Chevrolet;Aveo;2004
Chevrolet;Blazer;1994
Chevrolet;Camaro;1998
Chevrolet;Captiva;2006
Chevrolet;Cavalier;1995
Chevrolet;Cobalt;2005
Chevrolet;Colorado;2004
Chevrolet;Corvette;2005
Chevrolet;Cruze;2009
Chevrolet;Epica;2006
Chevrolet;Equinox;2005
Chevrolet;Express;2003
Chevrolet;HHR;2006
Chevrolet;Impala;2006
Chevrolet;Lacetti;2002
Chevrolet;Lanos;1997
Chevrolet;Malibu;2004
Chevrolet;Monte Carlo;2005
Chevrolet;Niva;2002
Chevrolet;Orlando;2011
Chevrolet;Rezzo;2000
Chevrolet;Silverado;1999
Chevrolet;Silverado 2500 HD;2001
Chevrolet;Spark;2005
Chevrolet;SSR;2003
Chevrolet;Suburban;2001
Chevrolet;Tahoe;2000
Chevrolet;TrailBlazer;2002
Chevrolet;Traverse;2009
Chevrolet;Trax;2013
Chevrolet;Uplander;2005
Chevrolet;Venture;1996
Chrysler;200;2010
Chrysler;300;2004
Chrysler;300M;1998
Chrysler;Aspen;2006
Chrysler;Concorde;1998
Chrysler;Crossfire;2003
Chrysler;Grand Voyager;2008
Chrysler;Pacifica;2004
Chrysler;PT Cruiser;2000
Chrysler;Sebring;2000
Chrysler;Town & Country;2008
Chrysler;Voyager;1995
Citroen;Berlingo;1996
Citroen;C-Crosser;2007
Citroen;C-Elysee;2012
Citroen;C1;2005
Citroen;C2;2003
Citroen;C3;2002
Citroen;C3 Aircross;2017
Citroen;C3 Picasso;2009
Citroen;C3 Pluriel;2003
Citroen;C4;2004
Citroen;C4 Aircross;2012
Citroen;C4 Cactus;2014
Citroen;C4 Picasso;2006
Citroen;C5;2001
Citroen;C6;2004
Citroen;C8;2002
Citroen;DS 7 Crossback;2018
Citroen;DS3;2009
Citroen;DS4;2010
Citroen;DS5;2011
Citroen;Grand C4 Picasso;2006
Citroen;Jumpy;2007
Citroen;Nemo;2008
Citroen;Saxo;1996
Citroen;Spacetourer;2016
Citroen;Xsara;1997
Citroen;Xsara Picasso;1999
Daewoo;Evanda;2002
Daewoo;Kalos;2002
Daewoo;Leganza;1997
Daewoo;Magnus;2000
Daewoo;Matiz;2000
Daewoo;Nexia;1995
Daewoo;Nubira;1997
Daihatsu;Applause;1997
Daihatsu;Cast;2015
Daihatsu;Copen;2002
Daihatsu;Cuore;2003
Daihatsu;Gran Move;1996
Daihatsu;Luxio;2009
Daihatsu;Materia;2006
Daihatsu;Mebius;2013
Daihatsu;Move;2014
Daihatsu;Rocky;2019
Daihatsu;Sirion;1998
Daihatsu;Terios;1997
Daihatsu;Trevis;2006
Daihatsu;YRV;2000
Datsun;mi-DO;2014
Datsun;on-DO;2014
Dodge;Avenger;1994
Dodge;Caliber;2006
Dodge;Caliber SRT4;2007
Dodge;Caravan;1995
Dodge;Challenger;2008
Dodge;Charger;2006
Dodge;Dakota;2005
Dodge;Dart;2012
Dodge;Durango;1998
Dodge;Intrepid;1998
Dodge;Journey;2008
Dodge;Magnum;2004
Dodge;Neon;2000
Dodge;Nitro;2007
Dodge;Ram 1500;2001
Dodge;Ram 2500;2002
Dodge;Ram 3500;2002
Dodge;Ram SRT10;2004
Dodge;Stratus;2001
Dodge;Viper;1996
Dongfeng;580;2016
Dongfeng;A30;2014
Dongfeng;AX7;2014
Dongfeng;H30 Cross;2013
FAW;Besturn B30;2016
FAW;Besturn B50;2009
FAW;Besturn X40;2017
FAW;Besturn X80;2014
FAW;Oley;2012
FAW;Vita;2006
Ferrari;348;1993
Ferrari;360;1999
Ferrari;456;1992
Ferrari;458;2009
Ferrari;488;2015
Ferrari;512;1991
Ferrari;550;1996
Ferrari;575 M;2002
Ferrari;599 GTB Fiorano;2006
Ferrari;599 GTO;2010
Ferrari;612;2004
Ferrari;812;2017
Ferrari;California;2008
Ferrari;California T;2014
Ferrari;Challenge Stradale;2003
Ferrari;Enzo;2002
Ferrari;F12;2012
Ferrari;F355;1994
Ferrari;F430;2004
Ferrari;F50;1995
Ferrari;F512 M;1994
Ferrari;FF;2011
Ferrari;GTC4 Lusso;2016
Ferrari;LaFerrari;2013
Fiat;124 Spider;2015
Fiat;500;2007
Fiat;500L;2012
Fiat;500X;2014
Fiat;Albea;2002
Fiat;Brava;1995
Fiat;Bravo;1995
Fiat;Coupe;1993
Fiat;Croma;2005
Fiat;Doblo;2001
Fiat;Ducato;2006
Fiat;Freemont;2011
Fiat;Grande Punto;2005
Fiat;Idea;2004
Fiat;Linea;2007
Fiat;Marea;1996
Fiat;Multipla;1998
Fiat;Palio;1996
Fiat;Panda;2003
Fiat;Panda 4x4;2003
Fiat;Punto;1999
Fiat;Qubo;2008
Fiat;Sedici;2005
Fiat;Siena;2014
Fiat;Stilo;2001
Fiat;Strada;2014
Fiat;Tipo;2015
Fiat;Ulysse;2002
Ford;B-Max;2012
Ford;C-Max;2003
Ford;Cougar;1998
Ford;Crown Victoria;1999
Ford;EcoSport;2003
Ford;Edge;2007
Ford;Escape;2001
Ford;Excursion;1999
Ford;Expedition;1998
Ford;Explorer;1995
Ford;Explorer Sport Trac;2007
Ford;F-150;1997
Ford;F-250;2011
Ford;F-350;2017
Ford;Falcon;2005
Ford;Fiesta;2002
Ford;Five Hundred;2005
Ford;Flex;2008
Ford;Focus;1998
Ford;Focus Active;2018
Ford;Freestar;2003
Ford;Freestyle;2004
Ford;Fusion;2002
Ford;Galaxy;1995
Ford;Ka;2003
Ford;Kuga;2008
Ford;Maverick;1992
Ford;Mondeo;2000
Ford;Mustang;1995
Ford;Mustang Shelby GT350;2016
Ford;Mustang Shelby GT500;2020
Ford;Puma;1997
Ford;Ranger;2006
Ford;S-Max;2006
Ford;Taurus;2000
Ford;Taurus X;2007
Ford;Thunderbird;2000
Ford;Tourneo Connect;2002
Ford;Transit;2001
Ford;Transit Connect;2002
GAZ;3102;1997
GAZ;31105;1997
GAZ;Siber;2008
GAZ;Sobol;2002
Geely;Atlas;2018
Geely;Coolray;2019
Geely;Emgrand 7;2016
Geely;Emgrand EC7;2009
Geely;Emgrand GS;2016
Geely;Emgrand X7;2011
Geely;GC9;2015
Geely;G–°6;2014
Geely;MK;2008
Geely;Otaka;2006
Geely;Vision;2006
Genesis;G70;2018
Genesis;G80;2017
Genesis;G90;2016
GMC;Acadia;2007
GMC;Canyon;2004
GMC;Envoy;2001
GMC;Sierra 1500;1999
GMC;Sierra 2500;1999
GMC;Terrain;2010
GMC;Yukon;2000
Great Wall;Cowry;2007
Great Wall;Deer;2003
Great Wall;Hover;2005
Great Wall;Hover M2;2010
Great Wall;Pegasus;2005
Great Wall;Peri;2007
Great Wall;Safe;2002
Great Wall;Sailor;2004
Great Wall;Sing;2004
Great Wall;Socool;2004
Great Wall;Wingle;2008
Haval;F7;2018
Haval;H4;2018
Haval;H6;2017
Haval;H9;2015
Holden;Commodore;2004
Honda;Accord;1998
Honda;Amaze;2011
Honda;City;2014
Honda;Civic;2001
Honda;CR-V;1995
Honda;CR-Z;2010
Honda;Crosstour;2010
Honda;Element;2003
Honda;Fit;2001
Honda;FR-V;2004
Honda;HR-V;1998
Honda;HR-V II (GJ);2014
Honda;Insight;1999
Honda;Jade;2013
Honda;Jazz;2001
Honda;Legend;2006
Honda;Odyssey;1999
Honda;Pilot;2002
Honda;Prelude;1996
Honda;Ridgeline;2005
Honda;S2000;1999
Honda;Shuttle;1994
Honda;Stream;2001
Honda;Vezel;2013
Hummer;H1;1992
Hummer;H2;2003
Hummer;H3;2005
Hyundai;Accent;2000
Hyundai;Atos Prime;1999
Hyundai;Azera;2006
Hyundai;Centennial;1999
Hyundai;Creta;2015
Hyundai;Elantra;2000
Hyundai;Entourage;2007
Hyundai;Eon;2011
Hyundai;Equus;2009
Hyundai;Galloper;1998
Hyundai;Genesis;2008
Hyundai;Genesis Coupe;2008
Hyundai;Getz;2002
Hyundai;Grandeur;2005
Hyundai;H-1;1998
Hyundai;i10;2008
Hyundai;i20;2008
Hyundai;i30;2007
Hyundai;i30 N;2017
Hyundai;i40;2011
Hyundai;Ioniq;2016
Hyundai;ix20;2010
Hyundai;ix35;2010
Hyundai;Kona;2017
Hyundai;Matrix;2001
Hyundai;Palisade;2018
Hyundai;Porter;1996
Hyundai;Santa Fe;2001
Hyundai;Solaris;2010
Hyundai;Sonata;1998
Hyundai;Terracan;2001
Hyundai;Trajet;2000
Hyundai;Tucson;2004
Hyundai;Veloster;2011
Hyundai;Veracruz;2007
Hyundai;Verna;2005
Hyundai;Xcent;2014
Hyundai;XG;1998
Infiniti;EX;2008
Infiniti;FX;2003
Infiniti;G;2003
Infiniti;I35;2002
Infiniti;JX;2012
Infiniti;M;2001
Infiniti;Q30;2016
Infiniti;Q40;2014
Infiniti;Q45;2002
Infiniti;Q50;2013
Infiniti;Q60;2013
Infiniti;Q70;2013
Infiniti;QX30;2016
Infiniti;QX4;1997
Infiniti;QX50;2013
Infiniti;QX56;2004
Infiniti;QX60;2013
Infiniti;QX70;2013
Infiniti;QX80;2013
Isuzu;Ascender;2002
Isuzu;Axiom;2002
Isuzu;D-Max;2011
Isuzu;D-Max Rodeo;2007
Isuzu;I280;2005
Isuzu;I290;2007
Isuzu;I350;2005
Isuzu;I370;2007
Isuzu;Rodeo;1998
Isuzu;Trooper;1992
Isuzu;VehiCross;1997
Iveco;Daily;2006
Jaguar;E-Pace;2017
Jaguar;F-Pace;2015
Jaguar;F-Type;2013
Jaguar;I-Pace;2018
Jaguar;S-Type;1998
Jaguar;X-Type;2001
Jaguar;XE;2015
Jaguar;XF;2007
Jaguar;XJ;1997
Jaguar;XK/XKR;2002
Jeep;Cherokee;2002
Jeep;Commander;2006
Jeep;Compass;2007
Jeep;Gladiator;2019
Jeep;Grand Cherokee;1999
Jeep;Liberty;2006
Jeep;Patriot;2006
Jeep;Renegade;2014
Jeep;Wrangler;1998
Kia;Carens;2002
Kia;Carnival;1999
Kia;Ceed;2006
Kia;Cerato;2004
Kia;Clarus;1998
Kia;Forte;2008
Kia;K900;2019
Kia;Magentis;2001
Kia;Mohave;2008
Kia;Niro;2016
Kia;Opirus;2003
Kia;Optima;2010
Kia;Picanto;2004
Kia;ProCeed;2019
Kia;Quoris;2012
Kia;Ray;2011
Kia;Rio;2000
Kia;Rio X-Line;2017
Kia;Seltos;2019
Kia;Shuma;1997
Kia;Sorento;2002
Kia;Sorento Prime;2015
Kia;Soul;2009
Kia;Spectra;2005
Kia;Sportage;1993
Kia;Stinger;2017
Kia;Stonic;2017
Kia;Telluride;2019
Kia;Venga;2011
Lamborghini;Aventador;2011
Lamborghini;Centenario;2016
Lamborghini;Diablo;1991
Lamborghini;Gallardo;2003
Lamborghini;Huracan;2014
Lamborghini;Murcielago;2003
Lamborghini;Reventon;2008
Lamborghini;Urus;2018
Lancia;Delta;2008
Lancia;Lybra;1999
Lancia;Musa;2004
Lancia;Phedra;2002
Lancia;Thema;2011
Lancia;Thesis;2001
Lancia;Ypsilon;2003
Land Rover;Defender;2007
Land Rover;Discovery;1998
Land Rover;Discovery Sport;2014
Land Rover;Evoque;2011
Land Rover;Freelander;1998
Land Rover;Range Rover;1994
Land Rover;Range Rover Sport;2004
Land Rover;Range Rover Velar;2017
Lexus;CT;2010
Lexus;ES;2001
Lexus;GS;1997
Lexus;GX;2002
Lexus;HS;2009
Lexus;IS;1998
Lexus;LC;2017
Lexus;LFA;2010
Lexus;LS;1995
Lexus;LX;1998
Lexus;NX;2014
Lexus;RC;2014
Lexus;RX;1997
Lexus;SC;1999
Lexus;UX;2018
Lifan;Breez;2007
Lifan;Cebrium;2013
Lifan;Celliya;2013
Lifan;Smily;2008
Lifan;Solano;2008
Lifan;X50;2014
Lifan;X60;2011
Lincoln;Aviator;2003
Lincoln;Corsair;2019
Lincoln;Mark LT;2006
Lincoln;MKC;2014
Lincoln;MKS;2008
Lincoln;MKT;2009
Lincoln;MKX;2006
Lincoln;MKZ;2006
Lincoln;Navigator;1997
Lincoln;Town Car;1998
Lincoln;Zephyr;2006
Lotus;Elise;2001
Lotus;Europa S;2005
Lotus;Evora;2009
Lotus;Exige;2001
Marussia;B1;2008
Marussia;B2;2010
Maserati;3200 GT;1998
Maserati;Ghibli;2013
Maserati;Gran Cabrio;2010
Maserati;Gran Turismo ;2007
Maserati;Gran Turismo S;2008
Maserati;Levante;2016
Maserati;Quattroporte;2003
Maserati;Quattroporte S;2007
Maybach;57;2002
Maybach;57 S;2007
Maybach;62;2002
Maybach;62 S;2007
Maybach;Landaulet;2003
Mazda;2;2003
Mazda;3;2003
Mazda;323;1998
Mazda;5;2005
Mazda;6;2002
Mazda;626;1997
Mazda;B-Series;1999
Mazda;BT-50;2011
Mazda;CX-3;2015
Mazda;CX-5;2012
Mazda;CX-7;2006
Mazda;CX-9;2007
Mazda;MPV;1999
Mazda;MX-5;1998
Mazda;Premacy;1999
Mazda;RX-7;1992
Mazda;RX-8;2003
Mazda;Tribute;2000
McLaren;540C;2015
McLaren;570S;2015
McLaren;600LT;2018
McLaren;650S;2014
McLaren;675LT;2015
McLaren;720S;2017
McLaren;MP4-12C;2011
McLaren;P1;2013
Mercedes;A-class;1997
Mercedes;AMG GT;2014
Mercedes;AMG GT 4-Door;2018
Mercedes;B-class;2005
Mercedes;C-class;1997
Mercedes;C-class Sport Coupe;2001
Mercedes;CL-class;1992
Mercedes;CLA-class;2013
Mercedes;CLC-class ;2008
Mercedes;CLK-class;1997
Mercedes;CLS-class;2004
Mercedes;E-class;1995
Mercedes;E-class Coupe;2017
Mercedes;EQC;2019
Mercedes;G-class;1996
Mercedes;GL-class;2006
Mercedes;GLA-class;2013
Mercedes;GLB-class;2019
Mercedes;GLC-class;2015
Mercedes;GLC-class Coupe;2016
Mercedes;GLE-class;2015
Mercedes;GLE-class Coupe;2015
Mercedes;GLK-class;2008
Mercedes;GLS-class;2015
Mercedes;M-class;1997
Mercedes;R-class;2005
Mercedes;S-class;1990
Mercedes;S-class Cabrio;2015
Mercedes;S-class Coupe;2015
Mercedes;SL-class;2001
Mercedes;SLK-class;1996
Mercedes;SLR-class;2003
Mercedes;SLS AMG;2010
Mercedes;Sprinter;2000
Mercedes;Vaneo;2001
Mercedes;Viano;2003
Mercedes;Vito;1999
Mercedes;X-class;2018
Mercury;Grand Marquis;2003
Mercury;Mariner;2005
Mercury;Milan;2006
Mercury;Montego;2004
Mercury;Monterey;1991
Mercury;Mountaineer;2003
Mercury;Sable;1995
MG;TF;2002
MG;XPower SV;2003
MG;ZR;2001
MG;ZS;2001
MG;ZT;2001
MG;ZT-T;2001
Mini;Clubman;2007
Mini;Clubman S;2007
Mini;Clubvan;2012
Mini;Cooper;2001
Mini;Cooper Cabrio;2001
Mini;Cooper S;2001
Mini;Cooper S Cabrio;2001
Mini;Cooper S Countryman All4;2010
Mini;Countryman;2010
Mini;One;2001
Mitsubishi;3000 GT;1992
Mitsubishi;ASX;2010
Mitsubishi;Carisma;1995
Mitsubishi;Colt;1995
Mitsubishi;Dignity;2012
Mitsubishi;Eclipse;1995
Mitsubishi;Eclipse Cross;2017
Mitsubishi;Endeavor;2004
Mitsubishi;Galant;1996
Mitsubishi;Grandis;2003
Mitsubishi;i-MiEV;2009
Mitsubishi;L200;1996
Mitsubishi;Lancer;1996
Mitsubishi;Lancer Evo;2001
Mitsubishi;Mirage;2012
Mitsubishi;Outlander;2003
Mitsubishi;Outlander XL;2006
Mitsubishi;Pajero;1990
Mitsubishi;Pajero Pinin;1999
Mitsubishi;Pajero Sport;1998
Mitsubishi;Raider;2006
Mitsubishi;Space Gear;1995
Mitsubishi;Space Runner;1999
Mitsubishi;Space Star;1998
Nissan;350Z;2002
Nissan;370Z;2009
Nissan;Almera;2000
Nissan;Almera Classic;2005
Nissan;Almera Tino;2000
Nissan;Altima;2002
Nissan;Armada;2003
Nissan;Bluebird Sylphy;2000
Nissan;GT-R;2007
Nissan;Juke;2011
Nissan;Leaf;2010
Nissan;Maxima;2000
Nissan;Micra;2003
Nissan;Murano;2002
Nissan;Navara;2005
Nissan;Note;2005
Nissan;NP300;2008
Nissan;Pathfinder;1997
Nissan;Patrol;1997
Nissan;Primera;1996
Nissan;Qashqai;2007
Nissan;Qashqai+2;2008
Nissan;Quest;2003
Nissan;Rogue;2008
Nissan;Sentra;1999
Nissan;Skyline;2001
Nissan;Sylphy;2012
Nissan;Teana;2005
Nissan;Terrano;1993
Nissan;Tiida;2007
Nissan;Titan;2003
Nissan;Titan XD;2016
Nissan;X-Trail;2001
Nissan;XTerra;2001
Nissan;Z;2003
Opel;Adam;2013
Opel;Agila;2000
Opel;Antara;2006
Opel;Astra;1998
Opel;Astra GTS;2011
Opel;Cascada;2013
Opel;Combo;2001
Opel;Corsa;2000
Opel;Corsa OPC;2007
Opel;Crossland X;2017
Opel;Frontera;1998
Opel;Grandland X;2017
Opel;Insignia;2008
Opel;Insignia OPC;2009
Opel;Karl;2015
Opel;Meriva;2003
Opel;Mokka;2012
Opel;Omega;1994
Opel;Signum;2003
Opel;Speedster;2000
Opel;Tigra;1994
Opel;Vectra;1995
Opel;Vivaro;2014
Opel;Zafira;1999
Opel;Zafira Tourer;2012
Peugeot;1007;2004
Peugeot;107;2005
Peugeot;108;2014
Peugeot;2008;2013
Peugeot;206;1998
Peugeot;207;2006
Peugeot;208;2012
Peugeot;3008;2009
Peugeot;301;2012
Peugeot;307;2000
Peugeot;308;2007
Peugeot;4007;2007
Peugeot;4008;2012
Peugeot;406;1995
Peugeot;407;2004
Peugeot;408;2010
Peugeot;5008;2009
Peugeot;508;2011
Peugeot;607;2000
Peugeot;807;2002
Peugeot;Boxer;2008
Peugeot;Partner;1996
Peugeot;RCZ Sport;2010
Plymouth;Road Runner;1968
Pontiac;Aztec;2001
Pontiac;Bonneville;1999
Pontiac;Firebird;1993
Pontiac;G5 Pursuit;2004
Pontiac;G6;2004
Pontiac;G8;2008
Pontiac;Grand AM;1998
Pontiac;Grand Prix;1996
Pontiac;GTO;2004
Pontiac;Montana;1997
Pontiac;Solstice;2005
Pontiac;Sunfire;1995
Pontiac;Torrent;2005
Pontiac;Vibe;2002
Porsche;718 Boxster;2016
Porsche;718 Cayman;2016
Porsche;911;1997
Porsche;Boxster;1996
Porsche;Cayenne;2002
Porsche;Cayman;2005
Porsche;Macan;2014
Porsche;Panamera;2009
Porsche;Taycan;2020
Ravon;Gentra;2015
Renault;Arkana;2019
Renault;Avantime;2001
Renault;Captur;2013
Renault;Clio;1998
Renault;Duster;2010
Renault;Duster Oroch;2015
Renault;Espace;1996
Renault;Fluence;2010
Renault;Grand Scenic;2009
Renault;Kadjar;2015
Renault;Kangoo;1998
Renault;Kaptur;2016
Renault;Koleos;2008
Renault;Laguna;1993
Renault;Latitude;2010
Renault;Logan;2004
Renault;Master;2011
Renault;Megane;1996
Renault;Modus;2004
Renault;Sandero;2007
Renault;Sandero Stepway;2008
Renault;Scenic;1996
Renault;Symbol;2002
Renault;Talisman;2015
Renault;Trafic;2001
Renault;Twingo;1993
Renault;Twizy;2012
Renault;Vel Satis;2002
Renault;Wind;2010
Renault;Zoe;2012
Rolls-Royce;Cullinan;2018
Rolls-Royce;Dawn;2015
Rolls-Royce;Ghost;2009
Rolls-Royce;Phantom;2003
Rolls-Royce;Wraith;2013
Rover;25;1999
Rover;400;1996
Rover;45;2000
Rover;600;1999
Rover;75;1999
Rover;Streetwise;2003
Saab;9-2x;2004
Saab;09.Ï‡;2003
Saab;9-4x;2011
Saab;09.Ï‡È;1997
Saab;9-7x;2005
Saturn;Aura;2007
Saturn;Ion;2003
Saturn;LW;1998
Saturn;Outlook;2006
Saturn;Sky;2007
Saturn;Vue;2002
Scion;FR-S;2012
Scion;tC;2004
Scion;xA;2003
Scion;xB;2003
Scion;xD;2007
Seat;Alhambra;1998
Seat;Altea;2004
Seat;Altea Freetrack;2007
Seat;Altea XL;2007
Seat;Arosa;1997
Seat;Ateca;2016
Seat;Cordoba;1999
Seat;Exeo;2008
Seat;Ibiza;2002
Seat;Leon;1999
Seat;Mii;2012
Seat;Toledo;2004
Skoda;Citigo;2011
Skoda;Fabia;1999
Skoda;Felicia;1995
Skoda;Kamiq;2019
Skoda;Karoq;2017
Skoda;Kodiaq;2016
Skoda;Octavia;1995
Skoda;Octavia Scout;2007
Skoda;Octavia Tour;2006
Skoda;Praktik;2007
Skoda;Rapid;2012
Skoda;Rapid Spaceback (NH1);2013
Skoda;Roomster;2006
Skoda;Superb;2002
Skoda;Yeti;2010
Smart;Forfour;2004
Smart;Fortwo;1997
Smart;Roadster;2003
Ssang Yong;Actyon;2005
Ssang Yong;Actyon Sports;2006
Ssang Yong;Chairman;2004
Ssang Yong;Korando;2002
Ssang Yong;Kyron;2005
Ssang Yong;Musso;1993
Ssang Yong;Musso Sport;2004
Ssang Yong;Rexton;2001
Ssang Yong;Rodius;2004
Ssang Yong;Stavic;2013
Ssang Yong;Tivoli;2015
Subaru;Ascent;2018
Subaru;Baja;2002
Subaru;Crosstrack;2018
Subaru;Exiga;2008
Subaru;Forester;1997
Subaru;Impreza;1992
Subaru;Justy;1995
Subaru;Legacy;1994
Subaru;Levorg;2014
Subaru;Outback;1997
Subaru;Traviq;2001
Subaru;Tribeca;2005
Subaru;WRX;2014
Subaru;XV;2012
Suzuki;Alto;2002
Suzuki;Baleno;1995
Suzuki;Celerio;2014
Suzuki;Ciaz;2014
Suzuki;Grand Vitara;1998
Suzuki;Grand Vitara XL7;1998
Suzuki;Ignis;2000
Suzuki;Jimny;1998
Suzuki;Kizashi;2009
Suzuki;Liana;2002
Suzuki;Splash;2008
Suzuki;Swift;2005
Suzuki;SX4;2006
Suzuki;Vitara;2015
Suzuki;Wagon R;2012
Suzuki;Wagon R+;2000
Tesla;Model 3;2017
Tesla;Model S;2012
Tesla;Model X;2015
Tesla;Model Y;2019
Toyota;4Runner;1995
Toyota;Alphard;2002
Toyota;Auris;2007
Toyota;Avalon;2000
Toyota;Avensis;1997
Toyota;Avensis Verso;2001
Toyota;Aygo;2005
Toyota;C-HR;2016
Toyota;Caldina;2002
Toyota;Camry;1996
Toyota;Celica;1999
Toyota;Corolla;1995
Toyota;Corolla Verso;2002
Toyota;FJ Cruiser;2007
Toyota;Fortuner;2004
Toyota;GT 86;2012
Toyota;Hiace;2006
Toyota;Highlander;2000
Toyota;Hilux;2005
Toyota;iQ;2008
Toyota;ist;2002
Toyota;Land Cruiser;1990
Toyota;Land Cruiser Prado;2002
Toyota;Mark II;2000
Toyota;Mirai;2014
Toyota;MR2;1999
Toyota;Picnic;1995
Toyota;Previa;2000
Toyota;Prius;2003
Toyota;RAV4;1994
Toyota;Sequoia;2001
Toyota;Sienna;2002
Toyota;Supra;2019
Toyota;Tacoma;2005
Toyota;Tundra;1999
Toyota;Venza;2008
Toyota;Verso;2009
Toyota;Vitz;2005
Toyota;Yaris;1999
Toyota;Yaris Verso;1999
UAZ;Pickup;2008
UAZ;–ü–∞—Ç—Ä–∏–æ—Ç;2005
UAZ;–•–∞–Ω—Ç–µ—Ä;2003
VAZ;2101-2107;1976
VAZ;2108, 2109, 21099;1984
VAZ;2110, 2111, 2112;1996
VAZ;2113, 2114, 2115;1997
VAZ;4x4 Urban;2014
VAZ;Granta;2011
VAZ;Largus;2012
VAZ;Largus Cross;2015
VAZ;Vesta Cross;2018
VAZ;Vesta Sport;2018
VAZ;Vesta SW;2017
VAZ;XRay;2016
VAZ;XRay Cross;2018
VAZ;–í–µ—Å—Ç–∞;2015
VAZ;–ö–∞–ª–∏–Ω–∞;2004
VAZ;–ù–∏–≤–∞ 4X4;1977
VAZ;–û–∫–∞;1988
VAZ;–ü—Ä–∏–æ—Ä–∞;2007
Volkswagen;Amarok;1990
Volkswagen;Arteon;2017
Volkswagen;Beetle;2011
Volkswagen;Bora;1998
Volkswagen;Caddy;2004
Volkswagen;CC;2012
Volkswagen;Crafter;2008
Volkswagen;CrossGolf;2007
Volkswagen;CrossPolo;2006
Volkswagen;CrossTouran;2007
Volkswagen;Eos;2006
Volkswagen;Fox;2005
Volkswagen;Golf;1997
Volkswagen;Jetta;2005
Volkswagen;Lupo;1998
Volkswagen;Multivan;2003
Volkswagen;New Beetle;1998
Volkswagen;Passat;2000
Volkswagen;Passat CC;2008
Volkswagen;Phaeton;2002
Volkswagen;Pointer;1993
Volkswagen;Polo;2001
Volkswagen;Routan;2008
Volkswagen;Scirocco;2008
Volkswagen;Sharan;1995
Volkswagen;T-Roc;2017
Volkswagen;Teramont;2017
Volkswagen;Tiguan;2007
Volkswagen;Touareg;2002
Volkswagen;Touran;2003
Volkswagen;Transporter;1990
Volkswagen;Up;2011
Volvo;C30;2007
Volvo;C70;2006
Volvo;C70 Convertible;1997
Volvo;C70 Coupe;1996
Volvo;S40;1995
Volvo;S60;2000
Volvo;S70;1996
Volvo;S80;1998
Volvo;S90;1997
Volvo;V40;1995
Volvo;V50;2004
Volvo;V60;2011
Volvo;V70;1996
Volvo;V90;1997
Volvo;XC40;2017
Volvo;XC60;2008
Volvo;XC70;2001
Volvo;XC90;2002
